,,,"Alcohol, recorded per capita (15+) consumption (in litres of pure alcohol)","Alcohol, recorded per capita (15+) consumption (in litres of pure alcohol)","Alcohol, recorded per capita (15+) consumption (in litres of pure alcohol)","Alcohol, recorded per capita (15+) consumption (in litres of pure alcohol)","Alcohol, recorded per capita (15+) consumption (in litres of pure alcohol)","Alcohol, recorded per capita (15+) consumption (in litres of pure alcohol)","Alcohol, recorded per capita (15+) consumption (in litres of pure alcohol)","Alcohol, recorded per capita (15+) consumption (in litres of pure alcohol)","Alcohol, recorded per capita (15+) consumption (in litres of pure alcohol)","Alcohol, recorded per capita (15+) consumption (in litres of pure alcohol)","Alcohol, recorded per capita (15+) consumption (in litres of pure alcohol)","Alcohol, recorded per capita (15+) consumption (in litres of pure alcohol)","Alcohol, recorded per capita (15+) consumption (in litres of pure alcohol)","Alcohol, recorded per capita (15+) consumption (in litres of pure alcohol)","Alcohol, recorded per capita (15+) consumption (in litres of pure alcohol)","Alcohol, recorded per capita (15+) consumption (in litres of pure alcohol)","Alcohol, recorded per capita (15+) consumption (in litres of pure alcohol)","Alcohol, recorded per capita (15+) consumption (in litres of pure alcohol)","Alcohol, recorded per capita (15+) consumption (in litres of pure alcohol)","Alcohol, recorded per capita (15+) consumption (in litres of pure alcohol)"
"Country","Data Source","Beverage Types","1999","1998","1997","1996","1995","1994","1993","1992","1991","1990","1989","1988","1987","1986","1985","1984","1983","1982","1981","1980"
"Afghanistan","Data source","All types","0","0","0","0","0","0","0","0","0","0","0","0","0","0","0","0","0","0","0","0"
"Albania","Data source","All types","2.19","1.54","2.22","3.12","2.87","2.77","1.49","1.35","1.28","2.03","1.73","1.67","1.63","1.39","1.60","1.58","1.68","1.51","1.84","1.79"
"Algeria","Data source","All types","0.23","0.26","0.28","0.29","0.29","0.25","0.24","0.20","0.18","0.19","0.40","0.42","0.28","0.29","0.31","0.33","0.33","0.42","0.46","0.48"
"Angola","Data source","All types","1.97","2.51","2.59","2.07","1.95","2.00","1.79","2.67","2.14","2.12","2.29","1.89","1.63","1.69","2.06","1.94","1.75","1.96","2.46","1.73"
"Antigua and Barbuda","Data source","All types","5.65","5.35","5.45","5.44","5.08","4.77","4.30","4.50","4.42","5.14","4.69","3.87","3.68","3.55","3.57","5.41","4.33","3.17","3.72","1.67"
"Argentina","Data source","All types","9.21","9.21","10.25","9.93","10.13","10.94","11.56","12.09","12.32","11.66","10.82","11.49","12.76","12.89","12.75","13.84","14.49","14.57","15.29","16.60"
"Armenia","Data source","All types","2.16","1.90","2.84","2.92","2.98","4.34","2.71","2.52","2.98","3.18","","","","","","","","","",""
"Australia","Data source","All types","9.88","9.79","9.91","9.77","9.69","9.89","9.63","10.32","10.64","11.01","12.09","12.39","12.45","12.30","12.89","12.74","12.76","13.05","13.46","13.30"
"Austria","Data source","All types","12.80","12.90","12.90","13.50","13.40","12.50","13.50","13.60","14.10","13.90","13.90","13.70","13.50","13.60","13.30","13.90","14.00","13.50","13.50","13.60"
"Azerbaijan","Data source","All types","1.16","1.70","0.71","1.44","1.23","1.37","2.91","4.31","2.88","2.92","","","","","","","","","",""
"Bahamas","Data source","All types","8.65","9.78","10.27","10.30","10.93","12.95","12.80","13.20","12.45","12.53","12.34","12.17","14.17","14.13","14.55","14.74","15.17","15.88","14.67","15.09"
"Bahrain","Data source","All types","2.95","2.55","6.13","4.90","4.70","4.64","5.00","5.11","5.30","5.39","4.89","4.94","5.59","5.10","5.46","6.66","7.09","6.16","4.37","4.20"
"Bangladesh","Data source","All types","0","0","0","0","0","0.01","0","0.01","0","0.01","0","0","0","0","0","0","0","0","0","0"
"Barbados","Data source","All types","6.64","5.49","5.88","5.85","5.76","7.39","7.51","7.09","7.54","7.36","","","","","","","","","",""
"Belarus","Data source","All types","12.72","11.72","11.02","10.45","9.35","9.86","10.23","8.70","8.87","7.85","7.98","4.55","5.71","7.57","11.41","12.70","12.43","12.67","13.20","13.23"
"Belgium","Data source","All types","10.10","9.92","10.92","10.94","11.04","11.12","11.66","11.65","11.44","12.18","11.61","12.52","13.16","12.72","13.14","13.26","13.55","13.72","13.25","13.99"
"Belize","Data source","All types","5.20","5.23","5.16","5.23","5.94","5.55","6.35","5.69","4.91","5.21","","4.35","4.65","5.73","6.17","6.20","7.05","7.75","7.99","7.26"
"Benin","Data source","All types","1.17","1.26","1.17","1.28","0.83","0.70","0.96","0.83","0.77","0.94","1.38","1.35","1.53","1.25","1.23","1.42","1.64","2.49","2.34","1.86"
"Bhutan","Data source","All types","3.25","1.79","1.92","3.16","1.82","1.81","3.00","2.09","1.82","1.74","0.31","0.32","0.46","0.46","0.50","0.51","0.51","0.55","0.52","0.50"
"Bolivia (Plurinational State of)","Data source","All types","3.67","3.17","3.08","2.98","3.12","3.10","2.97","2.94","3.17","2.89","3.05","3.14","3.06","3.30","3.41","2.99","3.54","3.96","4.86","4.66"
"Bosnia and Herzegovina","Data source","All types","8.57","8.37","10.00","9.68","8.47","8.19","8.55","10.03","13.79","11.87","","","","","","","","","",""
"Botswana","Data source","All types","4.51","5.05","4.93","5.02","5.27","5.08","5.53","6.38","5.13","5.44","4.68","4.56","4.27","4.50","4.40","4.38","3.28","3.21","3.55","3.58"
"Brazil","Data source","All types","5.96","5.74","5.82","5.88","5.89","5.20","4.92","5.27","5.50","5.25","5.52","4.11","3.95","4.14","3.79","3.72","3.62","3.57","3.38","3.45"
"Brunei Darussalam","Data source","All types","0.51","0.15","0.22","0.71","0.73","0.40","0.79","","2.91","2.90","2.78","2.48","2.89","2.53","3.31","4.06","3.09","2.94","2.59","2.43"
"Bulgaria","Data source","All types","7.65","7.86","8.13","9.18","9.51","9.70","9.86","10.15","9.47","11.46","11.43","11.17","10.91","11.47","10.92","11.37","10.96","11.20","11.34","10.84"
"Burkina Faso","Data source","All types","4.54","4.25","4.68","5.02","4.67","4.66","4.99","4.86","3.92","4.05","3.99","3.63","4.07","3.70","3.11","3.30","3.40","3.70","3.46","3.75"
"Burundi","Data source","All types","6.89","7.39","8.92","8.28","8.57","9.47","10.31","10.61","10.42","10.27","8.16","8.19","8.22","8.35","8.26","7.43","7.42","7.99","8.44","8.01"
"Cabo Verde","Data source","All types","4.00","3.69","3.47","4.16","3.82","4.44","4.66","3.80","3.20","2.68","2.78","3.31","3.36","2.92","2.50","2.62","2.11","1.91","2.15","2.04"
"Cambodia","Data source","All types","1.91","1.95","1.78","1.57","1.02","1.29","0.25","0.25","0.22","0.40","0.33","0.17","0.22","0.22","0.25","0.30","0.51","0.42","",""
"Cameroon","Data source","All types","2.30","2.97","2.47","2.47","3.05","3.11","3.08","3.24","3.91","5.90","6.36","6.31","6.50","6.50","6.21","5.97","6.27","6.51","6.07","6.33"
"Canada","Data source","All types","7.50","7.30","7.20","7.40","7.30","7.50","7.50","8.02","8.28","8.77","9.14","9.39","9.28","9.41","9.55","9.68","10.06","10.32","10.33","10.32"
"Central African Republic","Data source","All types","1.54","1.68","1.58","1.74","1.93","2.04","2.28","2.06","2.12","","2.52","2.51","2.78","2.94","2.80","2.50","2.48","2.85","2.60","2.83"
"Chad","Data source","All types","0.22","0.26","0.34","0.50","0.19","0.32","0.30","0.40","0.46","0.39","0.29","0.29","0.29","0.32","0.39","0.34","0.28","0.32","0.33","0.30"
"Chile","Data source","All types","7.61","7.25","6.57","7.43","8.34","7.73","7.67","7.82","7.99","8.61","8.65","9.52","9.49","8.93","9.72","10.04","9.98","12.64","9.74","10.22"
"China","Data source","All types","3.61","3.88","4.60","4.48","4.70","3.98","3.80","3.54","3.40","3.34","3.16","3.50","3.30","2.92","2.53","2.36","2.28","2.06","1.89","1.70"
"Colombia","Data source","All types","6.29","6.55","6.45","6.69","6.96","6.83","6.66","6.18","7.29","7.01","6.96","7.18","6.81","6.61","6.33","6.18","6.33","6.16","6.29","6.21"
"Comoros","Data source","All types","0.08","0.07","0.10","0.06","0.11","0.10","0.12","0.12","0.14","0.19","0.11","0.08","0.08","0.16","0.38","0.50","0.06","0.16","0.19","0.06"
"Congo","Data source","All types","2.08","1.88","1.73","2.11","2.02","2.06","2.87","2.83","2.79","2.45","3.03","3.82","4.15","5.09","5.45","5.92","5.52","4.74","4.42","3.84"
"Cook Islands","Data source","All types","1.04","1.64","3.31","2.21","2.08","2.61","2.29","3.73","3.23","6.05","","","","","","","","","",""
"Costa Rica","Data source","All types","5.42","5.59","5.62","5.58","5.91","6.07","5.64","5.57","6.10","6.09","5.40","5.51","4.23","4.86","5.04","4.87","4.51","4.65","4.62","4.63"
"CÃ´te d'Ivoire","Data source","All types","4.54","4.42","4.47","4.46","4.59","3.97","4.27","4.17","4.35","4.24","2.20","2.30","2.49","2.80","3.12","2.77","3.07","3.76","4.15","4.89"
"Croatia","Data source","All types","12.15","13.84","13.21","11.10","10.91","11.61","11.26","11.47","13.69","15.90","10.92","11.07","13.51","","","","","","",""
"Cuba","Data source","All types","3.96","3.71","3.39","3.45","3.59","3.84","2.91","3.75","3.54","3.98","4.37","4.45","4.37","4.04","3.96","3.75","3.66","3.59","2.96","3.01"
"Cyprus","Data source","All types","8.93","8.68","8.33","8.49","9.47","9.53","9.41","10.38","9.16","9.46","9.29","9.61","8.88","8.33","7.93","7.61","7.46","6.99","6.71","6.28"
"Czechia","Data source","All types","13.85","13.92","14.05","13.78","13.74","13.83","13.72","14.39","13.74","","13.01","12.84","13.20","13.01","14.24","14.29","14.14","14.12","14.23","13.99"
"Democratic People's Republic of Korea","Data source","All types","5.93","5.99","5.57","5.67","3.87","3.70","3.83","3.73","3.74","3.71","3.68","3.66","3.59","3.51","3.47","3.33","3.01","2.76","2.80","2.64"
"Democratic Republic of the Congo","Data source","All types","1.89","1.89","1.89","1.87","1.99","1.84","1.96","1.93","2.11","2.29","1.92","2.12","2.36","2.34","2.69","2.27","2.16","2.08","2.17","2.10"
"Denmark","Data source","All types","11.62","11.69","12.20","12.27","12.16","12.14","11.89","11.94","11.76","11.85","11.65","11.90","11.74","12.26","12.20","12.40","12.81","12.47","12.09","11.50"
"Djibouti","Data source","All types","0.93","1.34","1.48","0.47","0.42","0.57","0.69","0.60","0.76","0.78","0.87","0.97","1.60","2.27","2.96","2.48","2.69","2.04","1.91","1.76"
"Dominica","Data source","All types","7.48","7.51","8.42","7.42","10.41","8.45","10.33","10.28","11.61","9.35","","","","","","","","","",""
"Dominican Republic","Data source","All types","6.29","6.01","5.80","5.67","5.52","5.86","5.63","6.04","4.94","5.34","4.53","4.32","4.38","3.73","3.52","3.63","3.38","3.69","3.79","3.82"
"Ecuador","Data source","All types","1.58","1.80","1.52","1.67","2.30","2.14","2.39","2.44","2.43","2.10","2.54","3.35","2.54","2.50","2.32","2.33","2.79","2.95","3.14","3.39"
"Egypt","Data source","All types","0.08","0.08","0.08","0.08","0.08","0.08","0.08","0.08","0.09","0.10","0.42","0.41","0.39","0.39","0.37","0.37","0.35","0.36","0.31","0.35"
"El Salvador","Data source","All types","3.18","2.79","2.83","2.57","2.77","2.64","2.46","2.17","2.32","2.20","1.77","1.84","2.26","2.41","2.57","2.56","2.54","2.79","3.08","2.88"
"Equatorial Guinea","Data source","All types","1.15","2.68","2.74","2.80","3.57","1.68","5.84","4.09","3.99","3.17","6.49","5.97","2.40","1.84","0.25","0.08","0.06","","",""
"Eritrea","Data source","All types","1.41","1.73","1.57","1.64","2.16","1.53","1.29","0.70","0.22","0.22","0.29","0.42","0.39","0.30","0.54","0.55","0.57","0.58","0.59","0.61"
"Estonia","Data source","All types","8.85","8.01","8.30","7.97","8.27","8.18","8.10","7.84","9.13","9.84","","","","","","","","","",""
"Eswatini","Data source","All types","7.88","7.47","8.26","5.68","6.33","5.69","6.57","4.87","5.57","5.14","6.68","4.40","3.47","6.47","9.69","7.66","6.03","6.80","5.79","8.77"
"Ethiopia","Data source","All types","0.90","0.80","0.85","0.78","0.70","0.65","0.68","0.65","0.78","0.92","0.86","0.66","0.63","0.62","0.63","0.68","0.98","0.76","0.90","0.92"
"Fiji","Data source","All types","2.24","1.96","2.00","2.11","1.81","1.90","2.05","2.15","2.15","2.34","1.95","1.79","1.65","1.81","2.05","2.19","2.24","2.45","2.64","2.73"
"Finland","Data source","All types","8.62","8.60","8.56","8.24","8.31","8.16","8.39","8.88","9.22","9.53","9.42","9.03","8.75","8.51","8.02","8.06","7.94","7.92","8.01","7.94"
"France","Data source","All types","13.15","13.27","13.31","13.77","14.12","14.11","14.24","14.72","14.85","15.73","16.05","15.86","15.90","16.13","16.59","16.89","17.72","18.25","18.33","18.97"
"Gabon","Data source","All types","8.93","8.67","9.41","8.70","9.35","7.26","8.39","8.75","10.44","9.48","9.34","12.28","11.40","13.73","14.75","15.14","14.67","14.44","11.88","11.89"
"Gambia","Data source","All types","2.17","1.88","1.58","1.44","1.38","1.56","1.43","1.72","1.45","1.66","1.64","1.80","1.96","2.19","1.67","1.27","1.56","1.47","0.94","0.72"
"Georgia","Data source","All types","2.06","2.09","2.62","3.50","3.35","5.39","6.51","6.76","3.17","4.84","","","","","","","","","",""
"Germany","Data source","All types","12.94","12.74","13.00","13.12","13.35","13.37","13.50","13.84","13.92","14.89","14.64","14.61","14.82","14.72","15.14","15.14","15.75","15.69","16.01","16.45"
"Ghana","Data source","All types","1.64","1.72","1.65","1.87","1.94","1.86","1.82","1.57","1.46","1.30","1.49","1.55","1.71","1.35","1.46","1.61","1.47","1.51","1.64","1.63"
"Greece","Data source","All types","9.47","9.03","9.50","9.67","10.09","10.43","10.67","9.99","10.18","10.33","10.15","10.10","9.82","8.92","10.88","11.59","11.78","11.01","12.04","13.21"
"Grenada","Data source","All types","10.08","10.10","9.39","7.80","6.75","7.72","7.31","7.20","6.75","7.31","","","","","","","","","",""
"Guatemala","Data source","All types","1.32","1.65","1.95","2.19","2.09","1.68","2.05","2.40","2.31","3.00","2.47","3.04","2.77","2.58","3.03","3.02","2.82","2.91","2.73","2.49"
"Guinea","Data source","All types","0.33","0.39","0.24","0.32","0.57","0.41","0.40","0.37","0.27","0.17","0.21","0.19","0.18","0.15","0.06","0.05","0.05","0.05","0.05","0.06"
"Guinea-Bissau","Data source","All types","2.16","2.06","2.31","2.78","2.96","3.00","3.12","2.79","3.05","2.88","2.67","0.00","2.46","2.44","2.84","3.11","3.16","3.55","3.19","2.53"
"Guyana","Data source","All types","7.17","7.82","6.54","8.55","8.54","8.86","9.39","9.30","8.58","8.08","9.94","10.35","7.60","6.06","5.89","4.06","5.17","6.06","6.21","5.02"
"Haiti","Data source","All types","5.73","5.87","6.00","6.15","5.42","4.60","4.72","4.80","5.53","6.12","5.80","5.66","5.11","5.74","6.41","4.45","5.26","6.72","6.45","6.45"
"Honduras","Data source","All types","2.60","2.57","2.70","2.43","2.55","2.27","2.59","2.42","2.48","2.47","2.15","2.25","2.01","2.04","1.90","2.18","2.19","2.30","2.58","2.67"
"Hungary","Data source","All types","12.09","12.69","12.51","12.55","12.56","13.71","14.16","14.82","15.43","16.15","16.29","15.34","15.70","16.67","16.74","16.82","16.39","16.82","16.73","16.88"
"Iceland","Data source","All types","5.90","5.56","5.10","4.90","4.76","4.61","4.45","4.73","5.14","5.24","5.35","5.47","5.64","5.47","5.34","5.37","5.11","4.92","5.05","4.97"
"India","Data source","All types","1.73","1.43","1.54","1.91","1.83","1.71","1.76","1.59","1.84","1.71","1.66","1.55","1.49","1.32","1.26","1.15","1.17","1.17","1.10","1.06"
"Indonesia","Data source","All types","0.09","0.09","0.10","0.11","0.11","0.06","0.08","0.06","0.06","0.07","0.06","0.07","0.07","0.07","0.06","0.06","0.08","0.10","0.09","0.08"
"Iran (Islamic Republic of)","Data source","All types","0","0","0","0","0","0","0","0","0","0","0","0","0","0","0","0","0","0","0","0"
"Iraq","Data source","All types","0.21","0.22","0.23","0.26","0.34","0.33","0.39","0.27","0.24","0.48","0.75","0.67","0.66","0.76","0.66","0.90","0.68","0.80","0.69","0.73"
"Ireland","Data source","All types","14.95","14.44","14.18","13.66","12.86","12.67","12.34","12.51","12.20","12.13","11.79","11.39","10.99","11.23","11.62","11.07","10.87","11.90","12.51","13.19"
"Israel","Data source","All types","2.00","2.09","2.03","1.62","1.50","1.72","2.18","1.81","1.73","1.84","2.03","2.18","2.26","2.26","2.69","2.65","2.80","2.65","2.80","2.92"
"Italy","Data source","All types","8.86","8.98","9.12","9.13","9.62","10.12","10.27","10.55","10.82","10.99","10.95","11.41","11.76","12.37","13.22","14.08","14.55","14.50","15.07","16.73"
"Jamaica","Data source","All types","2.72","2.74","2.86","2.92","2.87","2.98","3.43","4.47","4.83","3.54","3.06","3.12","3.12","2.78","2.68","3.21","4.20","3.99","3.99","4.57"
"Japan","Data source","All types","8.17","8.10","8.15","8.06","8.16","8.29","8.37","8.09","8.03","8.28","7.74","8.17","7.69","7.21","6.98","7.11","7.12","6.88","6.77","6.63"
"Jordan","Data source","All types","0.15","0.15","0.17","0.16","0.15","0.15","0.15","0.11","0.14","0.20","0.18","0.28","0.30","0.30","0.24","0.37","0.54","0.39","0.33","0.44"
"Kazakhstan","Data source","All types","3.52","3.89","3.40","3.08","4.91","8.78","10.43","10.96","12.77","11.90","","","","","","","","","",""
"Kenya","Data source","All types","1.65","1.72","1.91","1.82","2.13","1.90","2.04","2.57","2.55","2.91","2.83","2.90","2.78","2.76","2.80","2.47","2.40","2.62","3.26","3.90"
"Kiribati","Data source","All types","0.73","0.77","0.62","0.69","0.71","0.54","0.58","0.58","0.63","0.44","0.48","0.50","0.63","0.58","0.52","0.57","0.67","0.81","0.95","1.17"
"Kuwait","Data source","All types","0","0","0","0","0","0","0","0","0","0","0","0","0","0","0","0","0","0","0","0"
"Kyrgyzstan","Data source","All types","1.69","3.31","2.64","2.53","1.66","2.98","2.00","4.25","4.66","4.53","4.29","3.51","3.01","3.42","7.08","","","","",""
"Lao People's Democratic Republic","Data source","All types","5.32","5.20","5.17","5.08","4.98","5.00","4.81","4.77","4.79","4.84","7.51","4.71","4.60","4.93","4.81","4.67","4.65","4.62","4.56","4.20"
"Latvia","Data source","All types","8.84","8.94","8.36","8.37","9.08","9.59","7.95","6.88","6.74","6.72","7.51","6.27","5.75","7.79","10.85","12.35","12.33","12.43","12.79","13.03"
"Lebanon","Data source","All types","1.50","1.59","2.08","1.42","2.38","2.45","2.37","2.09","2.60","1.63","3.94","4.04","3.81","4.12","3.74","3.47","3.29","3.37","3.31","3.11"
"Lesotho","Data source","All types","2.08","1.92","2.03","2.14","2.26","2.48","2.41","2.00","2.03","2.48","2.02","2.19","2.10","2.35","2.55","3.30","3.56","2.25","3.33","3.41"
"Liberia","Data source","All types","3.85","4.15","4.53","4.64","5.17","5.16","4.97","4.96","4.66","4.55","5.62","5.52","4.88","4.43","3.99","3.62","3.28","3.42","3.72","3.99"
"Libya","Data source","All types","0.02","0.01","0","0","0","0","0","0","0","0","0","0","0","0","0","0","0","0","0","0"
"Lithuania","Data source","All types","6.75","6.35","7.34","7.13","6.09","3.62","3.88","3.97","8.03","7.05","8.14","7.11","6.22","8.04","11.56","13.01","","","",""
"Luxembourg","Data source","All types","12.92","12.88","13.03","13.31","13.61","13.61","13.74","14.18","14.26","15.03","15.21","15.11","15.23","15.30","15.74","15.90","16.61","16.84","17.04","17.57"
"Madagascar","Data source","All types","1.21","1.06","1.01","1.29","1.24","1.26","1.14","1.30","1.26","1.52","1.38","1.31","1.33","1.40","1.29","1.18","1.44","1.33","1.61","1.55"
"Malawi","Data source","All types","1.29","1.32","1.26","1.61","1.59","1.12","0.99","1.15","1.06","0.94","1.02","1.10","1.12","1.36","1.35","1.09","1.17","1.64","1.81","1.69"
"Malaysia","Data source","All types","1.08","1.01","0.97","0.92","0.94","0.88","0.89","0.94","0.75","0.79","0.68","0.66","0.64","0.64","0.69","0.66","0.65","0.81","0.83","0.83"
"Mali","Data source","All types","0.42","0.40","0.49","0.51","0.48","0.46","0.46","0.47","0.54","0.63","0.67","0.67","0.62","0.61","0.64","0.46","0.44","0.51","0.39","0.40"
"Malta","Data source","All types","6.81","6.70","6.46","7.22","7.19","7.20","7.21","7.17","7.22","7.21","7.13","7.15","5.00","5.33","4.91","5.05","4.29","4.94","5.24","5.38"
"Mauritania","Data source","All types","0.02","0.02","0.02","0.02","0.01","0.01","0.02","0.02","0.06","0.02","0.03","0.01","0.02","0.03","0.05","0.04","0.05","0.04","0.06","0.08"
"Mauritius","Data source","All types","3.75","3.28","3.19","2.91","2.95","2.79","2.84","3.28","3.02","2.62","3.54","3.57","3.42","3.04","2.86","2.82","2.97","2.87","2.82","3.02"
"Mexico","Data source","All types","4.85","4.88","4.76","5.26","5.14","5.18","5.23","5.27","4.84","4.89","5.10","4.49","4.70","4.43","4.45","4.38","4.33","4.51","4.76","4.52"
"Micronesia (Federated States of)","Data source","All types","3.54","3.58","3.61","3.65","3.71","0","0","0","0","0","0","0","0","0","0","0","0","0","0","0"
"Mongolia","Data source","All types","2.36","3.23","1.63","1.52","2.05","1.68","1.86","1.72","2.06","2.23","2.59","2.16","2.10","2.72","3.33","3.65","3.52","4.03","3.75","3.64"
"Morocco","Data source","All types","0.51","0.64","0.48","0.50","0.56","0.60","0.61","0.75","0.79","0.71","0.70","0.76","0.77","0.72","0.56","0.54","0.55","0.58","0.73","0.64"
"Mozambique","Data source","All types","1.02","0.67","0.62","0.69","0.81","0.57","0.48","0.57","0.65","0.51","0.39","0.27","0.29","0.37","0.25","0.26","0.37","0.35","0.62","0.93"
"Myanmar","Data source","All types","0.26","0.26","0.29","0.27","0.21","0.23","0.21","0.23","0.09","0.12","0.15","0.16","0.27","0.28","0.30","0.29","0.23","0.22","0.20","0.17"
"Namibia","Data source","All types","4.24","1.59","2.30","0.19","0.10","0.30","0.20","0.19","0.24","0.23","0.24","0.25","0.25","0.26","0.27","0.27","0.27","0.27","0.26","0.26"
"Nauru","","All types","3.46","","","","","","","","","","","","","","","","","","",""
"Nauru","Data source","All types","3.46","","","","","","","","","","","","","","","","","","",""
"Nepal","Data source","All types","0.09","0.08","0.08","0.07","0.07","0.06","0.06","0.05","0.05","0.03","0.03","0.02","0.02","0.01","0.01","0.02","0.01","0.01","0.01","0.01"
"Netherlands","Data source","All types","10.06","9.93","10.05","9.80","9.80","9.68","9.67","10.03","10.03","9.91","10.03","10.17","10.20","10.62","10.55","10.76","11.22","11.04","11.25","11.33"
"New Zealand","Data source","All types","8.30","8.13","8.29","9.94","10.15","10.33","10.43","10.52","11.19","11.31","11.52","11.28","12.27","12.22","11.96","12.08","11.99","12.67","12.98","13.32"
"Nicaragua","Data source","All types","2.81","2.79","2.42","2.22","2.45","2.56","2.75","2.81","2.95","2.74","2.49","2.60","3.45","3.48","3.35","3.10","3.20","3.03","3.52","3.02"
"Niger","Data source","All types","0.08","0.09","0.07","0.06","0.08","0.01","0.08","0.07","0.09","0.10","0.11","0.13","0.15","0.17","0.14","0.21","0.21","0.31","0.25","0.25"
"Nigeria","Data source","All types","10.34","10.31","9.88","9.35","8.77","8.91","8.97","9.17","9.37","9.21","6.74","6.76","7.32","7.26","7.27","7.35","7.46","8.51","8.31","8.22"
"Niue","Data source","All types","7.44","5.40","6.06","10.15","9.92","7.50","5.90","7.54","6.34","7.23","","","","","","","","","",""
"Norway","Data source","All types","5.45","5.24","5.28","5.04","4.79","4.74","4.55","4.67","4.90","4.99","5.08","5.26","5.38","5.27","5.22","4.98","4.85","4.83","5.32","5.98"
"Oman","Data source","All types","0.21","0.27","0.30","0.30","0.27","0.29","0.30","0.30","0.31","0.25","1.03","1.08","1.17","0.14","0.12","0.14","0.16","0.23","0.27","0.29"
"Pakistan","Data source","All types","0.02","0.03","0.03","0.03","0.03","0.03","0.03","0.03","0.02","0.02","0.02","0.02","0.02","0.02","0.02","0.02","0.02","0.02","0.02","0.01"
"Panama","Data source","All types","6.23","6.28","5.90","5.67","5.55","5.46","5.22","5.50","5.77","5.72","4.61","4.24","5.06","5.08","4.87","4.99","4.74","5.09","5.06","4.98"
"Papua New Guinea","Data source","All types","0.87","0.89","0.88","0.63","1.01","1.08","1.10","1.11","1.11","1.11","1.12","1.26","1.29","1.23","1.31","1.25","1.29","1.51","1.43","1.61"
"Paraguay","Data source","All types","8.29","9.61","10.49","11.05","11.55","9.99","9.85","9.12","9.11","7.55","6.51","6.83","7.35","7.48","6.85","7.03","6.51","6.80","6.29","7.00"
"Peru","Data source","All types","4.05","4.32","4.62","4.72","5.23","5.28","5.03","5.62","5.26","5.04","4.99","5.54","6.69","5.95","5.10","5.73","6.07","5.78","5.93","6.01"
"Philippines","Data source","All types","3.80","3.82","3.83","3.85","3.87","3.67","3.82","4.08","4.03","4.16","3.78","3.85","4.42","4.11","4.58","4.30","4.41","3.57","3.26","3.09"
"Poland","Data source","All types","8.22","8.32","8.51","7.91","8.01","8.31","8.39","8.27","8.63","8.16","9.33","9.52","9.41","9.18","8.50","8.31","8.25","8.54","11.21","10.66"
"Portugal","Data source","All types","13.18","12.48","12.58","12.84","13.59","14.05","14.17","14.36","14.78","15.21","14.64","12.92","12.35","13.49","13.93","16.37","15.88","16.99","15.38","14.91"
"Qatar","Data source","All types","0.48","0.56","0.90","0.90","0.92","0.86","0.80","1.07","1.03","1.13","1.45","1.42","1.42","2.11","2.06","2.23","3.06","4.05","4.06","1.64"
"Republic of Korea","Data source","All types","9.16","8.65","8.69","8.77","7.94","8.14","7.82","8.13","8.24","8.37","9.61","10.13","10.18","10.25","10.18","10.67","10.71","13.70","14.22","14.77"
"Republic of Moldova","Data source","All types","14.37","16.87","16.40","16.44","15.82","16.31","11.60","10.06","","","","","","","","","","","",""
"North Macedonia","Data source","All types","5.03","6.24","5.53","5.68","6.63","7.54","5.09","7.00","","","","","","","","","","","",""
"Romania","Data source","All types","7.66","7.28","8.74","8.05","8.20","7.84","9.01","8.81","8.91","8.92","8.67","10.40","10.29","10.31","10.09","10.14","10.21","10.28","10.48","10.91"
"Russian Federation","Data source","All types","10.70","9.87","9.25","9.21","11.22","8.66","8.36","7.07","8.05","7.37","5.35","5.19","4.59","5.29","7.61","8.98","8.46","7.68","7.66","7.91"
"Rwanda","Data source","All types","9.60","9.97","9.36","9.86","9.80","7.86","10.16","14.06","12.07","10.21","7.55","6.44","6.49","6.87","7.51","7.09","7.74","7.96","8.05","7.33"
"Saint Kitts and Nevis","Data source","All types","6.55","6.25","5.61","5.86","6.32","4.37","4.62","4.03","4.16","5.03","4.65","4.26","3.17","3.98","3.51","3.97","3.89","4.66","4.44","4.44"
"Saint Lucia","Data source","All types","11.91","10.85","10.49","10.85","11.80","11.34","13.21","12.85","12.18","11.72","11.62","12.27","10.03","9.66","8.90","9.07","8.52","8.79","9.91","8.35"
"Saint Vincent and the Grenadines","Data source","All types","6.73","6.19","5.98","5.74","6.12","5.97","5.97","6.47","6.11","6.18","","","","","","","","","",""
"Samoa","Data source","All types","1.78","1.74","1.41","3.21","2.38","2.80","3.40","2.00","2.19","2.27","2.63","2.63","3.14","1.63","1.74","1.70","2.05","1.19","0.60","0.89"
"Sao Tome and Principe","Data source","All types","5.73","6.47","4.89","5.35","4.57","4.37","5.30","2.80","3.71","2.80","2.58","1.74","1.90","0.65","0.76","0.94","0.50","0.69","1.34","1.40"
"Saudi Arabia","Data source","All types","0.01","0.07","0.06","0.06","0.06","0.05","0.03","0.06","0.21","0.16","0.15","0.21","0.22","0.20","0.27","0.40","0.32","0.33","0.20","0.23"
"Senegal","Data source","All types","0.41","0.38","0.34","0.38","0.37","0.39","0.36","0.39","0.42","0.57","0.61","0.56","0.46","0.44","0.45","0.58","0.67","0.61","0.61","0.67"
"Seychelles","Data source","All types","4.75","4.77","4.56","4.57","4.79","4.53","4.74","4.47","4.20","3.97","3.30","3.26","3.28","3.21","3.19","3.12","3.30","3.27","3.39","3.63"
"Sierra Leone","Data source","All types","6.88","6.80","6.68","6.72","4.15","4.17","4.17","4.18","4.21","4.26","4.38","4.38","4.52","4.61","4.79","4.57","4.83","4.52","4.40","4.53"
"Singapore","Data source","All types","2.08","2.09","2.10","1.99","2.01","1.88","1.76","1.79","1.70","1.61","1.61","1.75","1.74","1.63","1.79","2.32","2.35","2.29","2.33","2.49"
"Slovakia","Data source","All types","12.13","12.13","13.09","12.86","12.55","13.02","12.04","12.63","13.24","","12.70","12.77","13.24","13.30","13.82","14.33","14.85","15.20","15.02","14.93"
"Slovenia","Data source","All types","12.28","14.61","11.44","12.60","13.94","14.80","15.66","15.70","13.18","13.79","12.96","14.96","16.64","18.13","15.07","17.23","17.28","19.50","16.94",""
"Solomon Islands","Data source","All types","0.21","0.24","0.42","0.35","0.30","0.36","0.36","0.91","0.64","0.66","0.58","0.71","0.69","0.90","1.13","1.10","0.92","0.78","0.87","0.85"
"Somalia","Data source","All types","0","0","0","0","0","0","0.01","0","0","0.01","0","0","0.01","0.01","0.01","0.01","0.01","0.01","0.02","0.02"
"South Africa","Data source","All types","10.81","10.60","10.77","10.76","8.96","9.22","8.82","9.13","9.02","9.23","9.21","9.22","8.97","8.85","8.40","8.77","8.47","8.57","8.78","8.60"
"Spain","Data source","All types","11.33","11.58","11.69","10.86","11.09","11.36","11.67","12.19","12.88","12.98","13.28","13.52","14.41","14.37","14.47","14.49","16.18","16.23","16.84","17.69"
"Sri Lanka","Data source","All types","1.53","1.50","1.53","1.36","1.91","1.64","1.49","1.60","1.48","1.25","0.14","0.17","0.18","0.20","0.26","0.28","0.23","0.32","0.38","0.30"
"Sudan","Data source","All types","1.93","1.89","2.00","2.00","2.01","1.98","2.07","1.91","1.92","1.95","0.15","0.19","0.25","0.25","0.25","0.26","0.24","0.19","1.57","1.53"
"Suriname","Data source","All types","6.14","7.12","7.21","4.75","4.99","5.21","4.55","4.78","4.38","4.27","3.67","4.11","3.48","5.25","6.24","6.97","7.22","8.36","8.21","9.30"
"Sweden","Data source","All types","6.88","6.80","7.11","6.90","7.33","7.71","7.51","7.50","7.47","7.41","7.47","7.31","7.07","7.21","6.90","6.82","6.96","7.29","7.14","7.65"
"Switzerland","Data source","All types","11.05","11.07","11.21","11.33","11.45","11.79","12.33","12.33","12.90","12.99","13.86","14.03","14.02","14.07","14.37","14.33","14.41","14.71","14.58","14.25"
"Syrian Arab Republic","Data source","All types","0.52","0.93","0.76","0.82","0.66","0.77","0.76","0.91","0.76","0.59","0.55","0.84","0.77","1.03","1.01","0.85","0.79","0.96","0.82","0.93"
"Tajikistan","Data source","All types","0.33","0.45","0.80","1.82","1.75","1.28","1.17","2.40","","","","","","","","","","","",""
"Thailand","Data source","All types","5.16","5.88","5.90","6.10","5.75","5.07","5.07","5.00","5.14","5.02","4.00","3.45","2.60","2.46","2.46","6.04","6.05","5.26","5.47","5.51"
"Timor-Leste","Data source","All types","0.50","0.49","0.44","0.41","0.40","0.39","0.38","0.37","0.38","0.37","","","","","","","","","",""
"Togo","Data source","All types","0.97","1.26","1.40","1.35","1.59","1.30","1.27","1.34","1.58","1.91","2.22","2.54","2.65","2.80","2.84","2.61","3.61","6.79","5.40","4.42"
"Tonga","Data source","All types","1.33","0.96","0.77","0.91","0.95","0.90","0.84","0.67","0.57","0.76","","","","","","","","","",""
"Trinidad and Tobago","Data source","All types","3.81","3.59","3.31","2.40","4.27","5.52","5.18","5.65","6.24","5.97","4.67","3.53","4.35","5.21","4.94","5.89","5.40","5.57","5.85","6.82"
"Tunisia","Data source","All types","1.14","1.06","1.06","1.05","1.06","1.05","0.94","0.78","0.79","0.95","0.96","0.97","0.98","1.15","1.16","1.16","1.19","1.03","1.04","1.05"
"Turkey","Data source","All types","1.46","1.54","1.64","1.38","1.49","1.45","1.40","1.31","1.21","1.02","0.72","0.71","0.89","0.85","0.98","1.00","1.26","1.26","1.54","1.15"
"Turkmenistan","Data source","All types","1.63","1.62","1.73","1.71","2.00","1.67","0.55","0.42","","","","","","","","","","","",""
"Tuvalu","Data source","All types","1.52","0.98","0.82","0.74","2.19","1.62","1.35","1.21","1.64","1.27","","","","","","","","","",""
"Uganda","Data source","All types","7.60","7.98","7.72","7.84","8.29","7.96","7.78","7.73","8.02","8.03","7.80","7.77","7.52","7.47","7.02","7.84","7.52","8.14","7.61","8.02"
"Ukraine","Data source","All types","3.93","3.74","3.98","3.26","3.72","4.21","5.47","5.54","5.86","5.67","5.32","4.43","4.01","4.39","6.62","7.08","6.99","6.96","7.48","7.67"
"United Arab Emirates","Data source","All types","2.83","2.54","2.90","2.68","3.32","3.53","3.68","3.95","3.92","4.05","4.43","4.86","5.37","6.74","8.35","12.43","12.35","13.80","13.77","13.77"
"United Kingdom of Great Britain and Northern Ireland","Data source","All types","10.16","10.14","9.97","9.75","9.70","9.41","9.45","9.65","10.01","9.96","9.99","9.94","9.53","10.26","10.24","10.16","10.10","9.91","10.27","10.71"
"United Republic of Tanzania","Data source","All types","5.02","5.67","5.25","4.61","5.53","5.65","5.57","5.77","5.71","4.98","5.89","4.81","6.89","7.29","8.25","6.56","7.01","8.60","6.78","8.06"
"United States of America","Data source","All types","8.21","8.10","8.10","8.18","8.14","8.25","8.40","8.71","8.71","9.24","9.16","9.39","9.61","9.73","9.88","10.18","10.18","10.30","10.45","10.45"
"Uruguay","Data source","All types","7.94","7.81","7.82","7.96","8.15","7.90","7.49","7.24","7.27","7.56","7.44","7.60","7.64","7.23","7.24","7.67","7.92","8.45","8.93","8.76"
"Uzbekistan","Data source","All types","1.71","1.73","1.67","1.64","1.90","1.84","1.10","1.32","","","","","","","","","","","",""
"Vanuatu","Data source","All types","1.15","1.34","1.43","1.23","1.47","1.72","1.39","1.46","1.58","1.53","1.76","1.67","1.44","1.74","2.16","2.26","2.20","2.10","2.20","2.55"
"Venezuela (Bolivarian Republic of)","Data source","All types","7.30","7.77","7.85","8.41","8.24","8.41","9.25","9.47","9.29","8.85","7.88","9.72","9.16","8.34","7.95","9.01","8.72","8.98","9.67","10.20"
"Viet Nam","Data source","All types","0.60","0.61","0.62","0.63","0.31","0.32","0.16","0.16","0.16","0.16","0.16","0.16","0.16","0.17","0.17","0.17","0.17","0.17","0.17","0.17"
"Yemen","Data source","All types","0.08","0.11","0.09","0.15","0.17","0.18","0.20","0.22","0.14","0.21","0.20","0.19","0.17","0.22","0.28","0.22","0.19","0.30","0.28","0.33"
"Zambia","Data source","All types","3.10","2.97","3.01","3.18","3.30","3.13","3.11","2.71","2.77","2.91","3.37","3.49","3.22","3.07","3.11","2.83","2.95","3.35","3.81","4.29"
"Zimbabwe","Data source","All types","4.63","4.82","5.19","4.22","4.34","4.68","3.54","2.83","3.39","4.50","4.92","5.10","5.03","7.23","6.60","7.27","7.14","7.00","6.22","5.77"
